{
    "metrics": {
        "http_req_waiting": {
            "max": 134.4644,
            "p(90)": 127.50198,
            "p(95)": 132.42863,
            "avg": 118.14470740740741,
            "min": 108.4221,
            "med": 115.8113
        },
        "iterations": {
            "count": 27,
            "rate": 2.6740125290163785
        },
        "data_sent": {
            "count": 5646,
            "rate": 559.1657310676471
        },
        "data_received": {
            "count": 27710,
            "rate": 2744.329154779402
        },
        "http_req_failed": {
            "passes": 0,
            "fails": 27,
            "thresholds": {
                "rate<0.01": false
            },
            "value": 0
        },
        "http_req_connecting": {
            "med": 0,
            "max": 0,
            "p(90)": 0,
            "p(95)": 0,
            "avg": 0,
            "min": 0
        },
        "http_req_tls_handshaking": {
            "p(90)": 2.2973600000000123,
            "p(95)": 5.7434,
            "avg": 0.6381555555555556,
            "min": 0,
            "med": 0,
            "max": 5.7434
        },
        "http_req_duration{expected_response:true}": {
            "max": 134.4644,
            "p(90)": 127.5918,
            "p(95)": 132.42863,
            "avg": 118.22768148148145,
            "min": 108.4221,
            "med": 115.853
        },
        "http_req_blocked": {
            "p(90)": 3.558200000000019,
            "p(95)": 8.8955,
            "avg": 0.9948999999999999,
            "min": 0,
            "med": 0,
            "max": 9.0713
        },
        "http_reqs": {
            "count": 27,
            "rate": 2.6740125290163785
        },
        "http_req_receiving": {
            "avg": 0.03258148148148148,
            "min": 0,
            "med": 0,
            "max": 0.4201,
            "p(90)": 0.04204000000000022,
            "p(95)": 0.2796799999999998
        },
        "iteration_duration": {
            "p(95)": 1141.83547,
            "avg": 1119.8246777777777,
            "min": 1108.746,
            "med": 1116.5169,
            "max": 1144.7437,
            "p(90)": 1130.98076
        },
        "checks": {
            "passes": 81,
            "fails": 0,
            "value": 1
        },
        "vus_max": {
            "value": 3,
            "min": 3,
            "max": 3
        },
        "http_req_duration": {
            "med": 115.853,
            "max": 134.4644,
            "p(90)": 127.5918,
            "p(95)": 132.42863,
            "avg": 118.22768148148145,
            "min": 108.4221,
            "thresholds": {
                "p(95)<1000": false
            }
        },
        "http_req_sending": {
            "min": 0,
            "med": 0,
            "max": 0.1887,
            "p(90)": 0.146,
            "p(95)": 0.14904,
            "avg": 0.050392592592592586
        },
        "vus": {
            "value": 3,
            "min": 3,
            "max": 3
        }
    },
    "root_group": {
        "name": "",
        "path": "",
        "id": "d41d8cd98f00b204e9800998ecf8427e",
        "groups": {},
        "checks": {
                "login status is 200": {
                    "name": "login status is 200",
                    "path": "::login status is 200",
                    "id": "baba87e761865dc93085ee0c1fe25f4c",
                    "passes": 27,
                    "fails": 0
                },
                "login response is JSON": {
                    "name": "login response is JSON",
                    "path": "::login response is JSON",
                    "id": "d9e26894036ef8c0f3ed0c198e232141",
                    "passes": 27,
                    "fails": 0
                },
                "login returns token": {
                    "id": "78c4c109214e8b5bb2cd4dc9ec3b7320",
                    "passes": 27,
                    "fails": 0,
                    "name": "login returns token",
                    "path": "::login returns token"
                }
            }
    }
}