{
    "metrics": {
        "http_req_duration": {
            "avg": 123.26799629629629,
            "min": 115.7066,
            "med": 122.4022,
            "max": 138.8593,
            "p(90)": 132.05544,
            "p(95)": 135.01095999999998,
            "thresholds": {
                "p(95)<1000": false
            }
        },
        "http_req_blocked": {
            "max": 6.9998,
            "p(90)": 2.4001200000000127,
            "p(95)": 6.699949999999999,
            "avg": 0.7407370370370371,
            "min": 0,
            "med": 0
        },
        "checks": {
            "passes": 81,
            "fails": 0,
            "value": 1
        },
        "data_received": {
            "count": 27786,
            "rate": 2741.1131938283697
        },
        "http_req_connecting": {
            "avg": 0.11086666666666668,
            "min": 0,
            "med": 0,
            "max": 0.9978,
            "p(90)": 0.39912000000000214,
            "p(95)": 0.9978
        },
        "http_req_tls_handshaking": {
            "p(95)": 4.699649999999999,
            "avg": 0.5184814814814815,
            "min": 0,
            "med": 0,
            "max": 4.9995,
            "p(90)": 1.6000000000000085
        },
        "iterations": {
            "count": 27,
            "rate": 2.663573606613618
        },
        "http_reqs": {
            "count": 27,
            "rate": 2.663573606613618
        },
        "vus": {
            "value": 3,
            "min": 3,
            "max": 3
        },
        "http_req_waiting": {
            "avg": 123.17444074074072,
            "min": 115.7066,
            "med": 122.4022,
            "max": 138.8593,
            "p(90)": 131.9847,
            "p(95)": 134.59992
        },
        "http_req_failed": {
            "passes": 0,
            "fails": 27,
            "thresholds": {
                "rate<0.01": false
            },
            "value": 0
        },
        "http_req_duration{expected_response:true}": {
            "max": 138.8593,
            "p(90)": 132.05544,
            "p(95)": 135.01095999999998,
            "avg": 123.26799629629629,
            "min": 115.7066,
            "med": 122.4022
        },
        "iteration_duration": {
            "avg": 1124.5778555555557,
            "min": 1115.8865,
            "med": 1122.6168,
            "max": 1146.3114,
            "p(90)": 1136.22728,
            "p(95)": 1143.6257
        },
        "http_req_receiving": {
            "avg": 0.03496666666666667,
            "min": 0,
            "med": 0,
            "max": 0.5872,
            "p(90)": 0,
            "p(95)": 0.24982999999999975
        },
        "data_sent": {
            "count": 5646,
            "rate": 556.9828364052032
        },
        "http_req_sending": {
            "avg": 0.05858888888888889,
            "min": 0,
            "med": 0,
            "max": 0.2919,
            "p(90)": 0.1525200000000001,
            "p(95)": 0.1788
        },
        "vus_max": {
            "max": 3,
            "value": 3,
            "min": 3
        }
    },
    "root_group": {
        "path": "",
        "id": "d41d8cd98f00b204e9800998ecf8427e",
        "groups": {},
        "checks": {
                "login status is 200": {
                    "name": "login status is 200",
                    "path": "::login status is 200",
                    "id": "baba87e761865dc93085ee0c1fe25f4c",
                    "passes": 27,
                    "fails": 0
                },
                "login response is JSON": {
                    "name": "login response is JSON",
                    "path": "::login response is JSON",
                    "id": "d9e26894036ef8c0f3ed0c198e232141",
                    "passes": 27,
                    "fails": 0
                },
                "login returns token": {
                    "name": "login returns token",
                    "path": "::login returns token",
                    "id": "78c4c109214e8b5bb2cd4dc9ec3b7320",
                    "passes": 27,
                    "fails": 0
                }
            },
        "name": ""
    }
}