{
    "metrics": {
        "vote_cast_duration": {
            "med": 14,
            "max": 2487,
            "p(90)": 19,
            "p(95)": 23,
            "avg": 34.60421836228288,
            "min": 11,
            "thresholds": {
                "p(95)<2500": false
            }
        },
        "iterations": {
            "count": 806,
            "rate": 4.399750586764057
        },
        "http_req_duration{expected_response:true}": {
            "p(90)": 126.68524,
            "p(95)": 132.29986,
            "avg": 76.63476949783008,
            "min": 11.271,
            "med": 108.0251,
            "max": 2486.6532,
            "thresholds": {
                "p(99)<3000": false
            }
        },
        "data_sent": {
            "count": 609162,
            "rate": 3325.2616215066582
        },
        "vus_max": {
            "value": 20,
            "min": 20,
            "max": 20
        },
        "http_req_sending": {
            "med": 0,
            "max": 0.6948,
            "p(90)": 0.24836,
            "p(95)": 0.29314,
            "avg": 0.0935026038437694,
            "min": 0
        },
        "iteration_duration": {
            "max": 6053.1896,
            "p(90)": 3994.63745,
            "p(95)": 4079.6406500000003,
            "avg": 3188.4596562034717,
            "min": 2140.6735,
            "med": 3199.93945
        },
        "vote_success": {
            "passes": 806,
            "fails": 0,
            "thresholds": {
                "rate>0.5": false
            },
            "value": 1
        },
        "login_duration": {
            "med": 117,
            "max": 155,
            "p(90)": 132,
            "p(95)": 137,
            "avg": 118.78287841191067,
            "min": 108,
            "thresholds": {
                "p(95)<1500": false
            }
        },
        "vus": {
            "min": 1,
            "max": 20,
            "value": 1
        },
        "errors": {
            "passes": 0,
            "fails": 0,
            "thresholds": {
                "rate<0.15": false
            },
            "value": 0
        },
        "http_reqs": {
            "count": 1613,
            "rate": 8.804959921154373
        },
        "checks": {
            "passes": 4836,
            "fails": 0,
            "value": 1
        },
        "http_req_connecting": {
            "avg": 0.0026457532548047114,
            "min": 0,
            "med": 0,
            "max": 0.5193,
            "p(90)": 0,
            "p(95)": 0
        },
        "http_req_receiving": {
            "med": 0,
            "max": 1.0128,
            "p(90)": 0,
            "p(95)": 0,
            "avg": 0.01832306261624303,
            "min": 0
        },
        "data_received": {
            "count": 884136,
            "rate": 4826.275291289363
        },
        "http_req_failed": {
            "passes": 0,
            "fails": 1613,
            "thresholds": {
                "rate<0.05": false
            },
            "value": 0
        },
        "group_duration": {
            "max": 2486.6532,
            "p(90)": 126.68742,
            "p(95)": 132.56382999999997,
            "avg": 76.69008200992553,
            "min": 11.271,
            "med": 108.04355
        },
        "http_req_blocked": {
            "avg": 0.04478419094854308,
            "min": 0,
            "med": 0,
            "max": 4.7331,
            "p(90)": 0,
            "p(95)": 0
        },
        "http_req_tls_handshaking": {
            "avg": 0.041518536887786735,
            "min": 0,
            "med": 0,
            "max": 4.217,
            "p(90)": 0,
            "p(95)": 0
        },
        "http_req_duration": {
            "p(90)": 126.68524,
            "p(95)": 132.29986,
            "avg": 76.63476949783008,
            "min": 11.271,
            "med": 108.0251,
            "max": 2486.6532,
            "thresholds": {
                "p(95)<2000": false
            }
        },
        "http_req_waiting": {
            "med": 107.9825,
            "max": 2486.6532,
            "p(90)": 126.60037999999999,
            "p(95)": 132.16233999999997,
            "avg": 76.52294383137011,
            "min": 11.1634
        }
    },
    "setup_data": {
        "candidateCount": 3,
        "electionName": "Eleccion Gobernador Provincial"
    },
    "root_group": {
        "checks": {},
        "name": "",
        "path": "",
        "id": "d41d8cd98f00b204e9800998ecf8427e",
        "groups": {
                "1. Login del votante": {
                    "name": "1. Login del votante",
                    "path": "::1. Login del votante",
                    "id": "a68f9fd0ff60d4eeead4eecb6188513e",
                    "groups": {},
                    "checks": {
                            "login: status 200": {
                                "id": "7951a7b3e031995648627f7c1047389b",
                                "passes": 806,
                                "fails": 0,
                                "name": "login: status 200",
                                "path": "::1. Login del votante::login: status 200"
                            },
                            "login: tiene token": {
                                "name": "login: tiene token",
                                "path": "::1. Login del votante::login: tiene token",
                                "id": "09a3651e953ec8cf894af7316fdd6a1e",
                                "passes": 806,
                                "fails": 0
                            },
                            "login: response < 2s": {
                                "name": "login: response < 2s",
                                "path": "::1. Login del votante::login: response < 2s",
                                "id": "7f7cd40284d029c4310e939cc18eba9a",
                                "passes": 806,
                                "fails": 0
                            }
                        }
                },
                "2. Emitir voto": {
                    "name": "2. Emitir voto",
                    "path": "::2. Emitir voto",
                    "id": "f366fd891d3a1f8e92fca1188a80cf3f",
                    "groups": {},
                    "checks": {
                            "vote: status 201 o 409": {
                                "name": "vote: status 201 o 409",
                                "path": "::2. Emitir voto::vote: status 201 o 409",
                                "id": "0152c4d1969dabacac4e18786654a576",
                                "passes": 806,
                                "fails": 0
                            },
                            "vote: response < 3s": {
                                "name": "vote: response < 3s",
                                "path": "::2. Emitir voto::vote: response < 3s",
                                "id": "0b385e3aed3c84b799bc0534c043df96",
                                "passes": 806,
                                "fails": 0
                            },
                            "vote: confirmación recibida": {
                                "passes": 8,
                                "fails": 0,
                                "name": "vote: confirmación recibida",
                                "path": "::2. Emitir voto::vote: confirmación recibida",
                                "id": "1e699493640c107b7d7f26c07cd7b204"
                            },
                            "vote: mensaje de ya votó": {
                                "name": "vote: mensaje de ya votó",
                                "path": "::2. Emitir voto::vote: mensaje de ya votó",
                                "id": "620872d55ad24ab99066e86938fa34f2",
                                "passes": 798,
                                "fails": 0
                            }
                        }
                }
            }
    }
}