{
    "metrics": {
        "data_received": {
            "count": 1651520,
            "rate": 8939.28080550039
        },
        "group_duration": {
            "avg": 61.41162338709677,
            "min": 6.9921,
            "med": 21.0642,
            "max": 192.8316,
            "p(90)": 137.35176,
            "p(95)": 144.51392
        },
        "http_req_waiting": {
            "avg": 61.23942852207284,
            "min": 6.5104,
            "med": 21.0066,
            "max": 192.3843,
            "p(90)": 137.11816,
            "p(95)": 144.1159
        },
        "login_duration": {
            "p(95)": 153.04999999999995,
            "avg": 129.275,
            "min": 110,
            "med": 128,
            "max": 193,
            "p(90)": 146.10000000000002,
            "thresholds": {
                "p(95)<1500": false
            }
        },
        "http_reqs": {
            "count": 2605,
            "rate": 14.10023886984627
        },
        "http_req_receiving": {
            "min": 0,
            "med": 0,
            "max": 6.9998,
            "p(90)": 0,
            "p(95)": 0,
            "avg": 0.03165662188099807
        },
        "errors": {
            "passes": 0,
            "fails": 0,
            "thresholds": {
                "rate<0.15": false
            },
            "value": 0
        },
        "data_sent": {
            "rate": 4247.1110283098415,
            "count": 784648
        },
        "vote_cast_duration": {
            "p(95)": 33,
            "avg": 23.01126126126126,
            "min": 15,
            "med": 21,
            "max": 44,
            "p(90)": 30,
            "thresholds": {
                "p(95)<2500": false
            }
        },
        "http_req_sending": {
            "avg": 0.07399124760076778,
            "min": 0,
            "med": 0,
            "max": 1.3935,
            "p(90)": 0.22177999999999995,
            "p(95)": 0.29173999999999817
        },
        "vus_max": {
            "value": 20,
            "min": 20,
            "max": 20
        },
        "http_req_tls_handshaking": {
            "min": 0,
            "med": 0,
            "max": 4.0001,
            "p(90)": 0,
            "p(95)": 0,
            "avg": 0.024803186180422262
        },
        "candidates_query_duration": {
            "max": 32,
            "p(90)": 12,
            "p(95)": 14,
            "avg": 9.230555555555556,
            "min": 6,
            "med": 8,
            "thresholds": {
                "p(95)<1200": false
            }
        },
        "http_req_duration": {
            "avg": 61.34507639155469,
            "min": 6.6452,
            "med": 21.0783,
            "max": 192.8316,
            "p(90)": 137.31196,
            "p(95)": 144.3626999999999,
            "thresholds": {
                "p(95)<2000": false
            }
        },
        "checks": {
            "passes": 8892,
            "fails": 0,
            "value": 1
        },
        "http_req_duration{expected_response:true}": {
            "p(90)": 137.31196,
            "p(95)": 144.3626999999999,
            "avg": 61.34507639155469,
            "min": 6.6452,
            "med": 21.0783,
            "max": 192.8316,
            "thresholds": {
                "p(99)<3000": false
            }
        },
        "http_req_failed": {
            "passes": 0,
            "fails": 2605,
            "thresholds": {
                "rate<0.05": false
            },
            "value": 0
        },
        "http_req_blocked": {
            "p(90)": 0,
            "p(95)": 0,
            "avg": 0.02709785028790787,
            "min": 0,
            "med": 0,
            "max": 5.0097
        },
        "iteration_duration": {
            "p(95)": 4911.096715,
            "avg": 2367.8329762037024,
            "min": 623.8961,
            "med": 1503.50295,
            "max": 5614.0761,
            "p(90)": 4632.29378
        },
        "iterations": {
            "count": 1080,
            "rate": 5.845780414370047
        },
        "vote_success": {
            "passes": 444,
            "fails": 0,
            "thresholds": {
                "rate>0.5": false
            },
            "value": 1
        },
        "vus": {
            "value": 1,
            "min": 1,
            "max": 20
        },
        "http_req_connecting": {
            "avg": 0.00152,
            "min": 0,
            "med": 0,
            "max": 1.1518,
            "p(90)": 0,
            "p(95)": 0
        }
    },
    "setup_data": {
        "status": "ok"
    },
    "root_group": {
        "name": "",
        "path": "",
        "id": "d41d8cd98f00b204e9800998ecf8427e",
        "groups": {
            "1. Voter login": {
                "checks": {
                    "login: status 200": {
                        "id": "a96be76cee482240c8e69b3fb3803d77",
                        "passes": 1080,
                        "fails": 0,
                        "name": "login: status 200",
                        "path": "::1. Voter login::login: status 200"
                    },
                    "login: has token": {
                        "name": "login: has token",
                        "path": "::1. Voter login::login: has token",
                        "id": "5633d72c420dd7d847b4b146218bc41f",
                        "passes": 1080,
                        "fails": 0
                    },
                    "login: response < 2s": {
                        "id": "8ae9e1e5cd3782b2738c37e2cfb24857",
                        "passes": 1080,
                        "fails": 0,
                        "name": "login: response < 2s",
                        "path": "::1. Voter login::login: response < 2s"
                    }
                },
                "name": "1. Voter login",
                "path": "::1. Voter login",
                "id": "3bf7790dd0f0399f059972576c20f7af",
                "groups": {}
            },
            "2. Query candidates": {
                "checks": {
                    "candidates: status 200": {
                        "name": "candidates: status 200",
                        "path": "::2. Query candidates::candidates: status 200",
                        "id": "662de5937719594896333114629e42c9",
                        "passes": 1080,
                        "fails": 0
                    },
                    "candidates: is JSON": {
                        "name": "candidates: is JSON",
                        "path": "::2. Query candidates::candidates: is JSON",
                        "id": "558a6c163b14b549fc49441b812e80c7",
                        "passes": 1080,
                        "fails": 0
                    },
                    "candidates: has data": {
                        "id": "1c0cd77ff4384caafde41e69e73f60cb",
                        "passes": 1080,
                        "fails": 0,
                        "name": "candidates: has data",
                        "path": "::2. Query candidates::candidates: has data"
                    },
                    "candidates: response < 1.5s": {
                        "name": "candidates: response < 1.5s",
                        "path": "::2. Query candidates::candidates: response < 1.5s",
                        "id": "7c312fb36237ab669d74343c57b2b5c8",
                        "passes": 1080,
                        "fails": 0
                    }
                },
                "name": "2. Query candidates",
                "path": "::2. Query candidates",
                "id": "bb4bc06220b1391d2222ded1bd3299ce",
                "groups": {}
            },
            "3. Cast vote": {
                "name": "3. Cast vote",
                "path": "::3. Cast vote",
                "id": "b0b4d6c3d1ac4e7fdd975a4203388c1b",
                "groups": {},
                "checks": {
                        "vote: status 201 or 409": {
                            "fails": 0,